[
{
    "model": "admin.logentry",
    "pk": 1,
    "fields": {
        "action_time": "2024-02-26T10:12:21.289Z",
        "user": 1,
        "content_type": 8,
        "object_id": "12",
        "object_repr": "full stack developer",
        "action_flag": 2,
        "change_message": "[]"
    }
},
{
    "model": "admin.logentry",
    "pk": 2,
    "fields": {
        "action_time": "2024-02-26T10:12:29.329Z",
        "user": 1,
        "content_type": 8,
        "object_id": "11",
        "object_repr": "fresher web designer",
        "action_flag": 2,
        "change_message": "[]"
    }
},
{
    "model": "admin.logentry",
    "pk": 3,
    "fields": {
        "action_time": "2024-02-26T10:19:22.011Z",
        "user": 1,
        "content_type": 8,
        "object_id": "4",
        "object_repr": "node js developer",
        "action_flag": 2,
        "change_message": "[{\"changed\": {\"fields\": [\"Location\"]}}]"
    }
},
{
    "model": "admin.logentry",
    "pk": 4,
    "fields": {
        "action_time": "2024-02-26T10:19:32.243Z",
        "user": 1,
        "content_type": 8,
        "object_id": "6",
        "object_repr": "video editer",
        "action_flag": 2,
        "change_message": "[{\"changed\": {\"fields\": [\"Location\"]}}]"
    }
},
{
    "model": "admin.logentry",
    "pk": 5,
    "fields": {
        "action_time": "2024-02-26T10:19:41.290Z",
        "user": 1,
        "content_type": 8,
        "object_id": "7",
        "object_repr": "content writer",
        "action_flag": 2,
        "change_message": "[{\"changed\": {\"fields\": [\"Location\"]}}]"
    }
},
{
    "model": "admin.logentry",
    "pk": 6,
    "fields": {
        "action_time": "2024-02-26T10:19:50.134Z",
        "user": 1,
        "content_type": 8,
        "object_id": "9",
        "object_repr": "mern developer",
        "action_flag": 2,
        "change_message": "[{\"changed\": {\"fields\": [\"Location\"]}}]"
    }
},
{
    "model": "admin.logentry",
    "pk": 7,
    "fields": {
        "action_time": "2024-02-26T10:19:59.168Z",
        "user": 1,
        "content_type": 8,
        "object_id": "10",
        "object_repr": "mean developer",
        "action_flag": 2,
        "change_message": "[{\"changed\": {\"fields\": [\"Location\"]}}]"
    }
},
{
    "model": "admin.logentry",
    "pk": 8,
    "fields": {
        "action_time": "2024-02-26T10:20:09.379Z",
        "user": 1,
        "content_type": 8,
        "object_id": "2",
        "object_repr": "web developer",
        "action_flag": 2,
        "change_message": "[{\"changed\": {\"fields\": [\"Location\"]}}]"
    }
},
{
    "model": "admin.logentry",
    "pk": 9,
    "fields": {
        "action_time": "2024-02-26T10:20:19.237Z",
        "user": 1,
        "content_type": 8,
        "object_id": "1",
        "object_repr": "web designing",
        "action_flag": 2,
        "change_message": "[{\"changed\": {\"fields\": [\"Location\"]}}]"
    }
},
{
    "model": "admin.logentry",
    "pk": 10,
    "fields": {
        "action_time": "2024-02-26T10:32:02.253Z",
        "user": 1,
        "content_type": 8,
        "object_id": "6",
        "object_repr": "video editer",
        "action_flag": 2,
        "change_message": "[{\"changed\": {\"fields\": [\"Shift\"]}}]"
    }
},
{
    "model": "admin.logentry",
    "pk": 11,
    "fields": {
        "action_time": "2024-02-26T10:32:08.414Z",
        "user": 1,
        "content_type": 8,
        "object_id": "4",
        "object_repr": "node js developer",
        "action_flag": 2,
        "change_message": "[{\"changed\": {\"fields\": [\"Shift\"]}}]"
    }
},
{
    "model": "admin.logentry",
    "pk": 12,
    "fields": {
        "action_time": "2024-02-26T10:32:24.456Z",
        "user": 1,
        "content_type": 8,
        "object_id": "10",
        "object_repr": "mean developer",
        "action_flag": 2,
        "change_message": "[{\"changed\": {\"fields\": [\"Shift\"]}}]"
    }
},
{
    "model": "admin.logentry",
    "pk": 13,
    "fields": {
        "action_time": "2024-02-26T10:32:34.741Z",
        "user": 1,
        "content_type": 8,
        "object_id": "2",
        "object_repr": "web developer",
        "action_flag": 2,
        "change_message": "[{\"changed\": {\"fields\": [\"Shift\"]}}]"
    }
},
{
    "model": "admin.logentry",
    "pk": 14,
    "fields": {
        "action_time": "2024-02-26T12:19:42.342Z",
        "user": 1,
        "content_type": 8,
        "object_id": "13",
        "object_repr": "bakcend developer",
        "action_flag": 1,
        "change_message": "[{\"added\": {}}]"
    }
},
{
    "model": "admin.logentry",
    "pk": 15,
    "fields": {
        "action_time": "2024-02-26T12:20:34.349Z",
        "user": 1,
        "content_type": 8,
        "object_id": "13",
        "object_repr": "bakcend developer",
        "action_flag": 2,
        "change_message": "[{\"changed\": {\"fields\": [\"Skills\"]}}]"
    }
},
{
    "model": "admin.logentry",
    "pk": 16,
    "fields": {
        "action_time": "2024-02-26T13:14:17.534Z",
        "user": 1,
        "content_type": 4,
        "object_id": "1",
        "object_repr": "admin",
        "action_flag": 2,
        "change_message": "[{\"changed\": {\"fields\": [\"First name\", \"Last name\"]}}]"
    }
},
{
    "model": "admin.logentry",
    "pk": 17,
    "fields": {
        "action_time": "2024-08-10T16:29:05.407Z",
        "user": 7,
        "content_type": 4,
        "object_id": "7",
        "object_repr": "superuser",
        "action_flag": 2,
        "change_message": "[{\"changed\": {\"fields\": [\"First name\", \"Last name\", \"Email address\"]}}]"
    }
},
{
    "model": "admin.logentry",
    "pk": 18,
    "fields": {
        "action_time": "2024-08-10T16:34:14.020Z",
        "user": 7,
        "content_type": 16,
        "object_id": "1",
        "object_repr": "UserDetail object (1)",
        "action_flag": 1,
        "change_message": "[{\"added\": {}}]"
    }
},
{
    "model": "admin.logentry",
    "pk": 19,
    "fields": {
        "action_time": "2024-08-10T16:42:15.891Z",
        "user": 7,
        "content_type": 16,
        "object_id": "1",
        "object_repr": "UserDetail object (1)",
        "action_flag": 2,
        "change_message": "[{\"changed\": {\"fields\": [\"Date of birth\"]}}]"
    }
},
{
    "model": "auth.permission",
    "pk": 1,
    "fields": {
        "name": "Can add log entry",
        "content_type": 1,
        "codename": "add_logentry"
    }
},
{
    "model": "auth.permission",
    "pk": 2,
    "fields": {
        "name": "Can change log entry",
        "content_type": 1,
        "codename": "change_logentry"
    }
},
{
    "model": "auth.permission",
    "pk": 3,
    "fields": {
        "name": "Can delete log entry",
        "content_type": 1,
        "codename": "delete_logentry"
    }
},
{
    "model": "auth.permission",
    "pk": 4,
    "fields": {
        "name": "Can view log entry",
        "content_type": 1,
        "codename": "view_logentry"
    }
},
{
    "model": "auth.permission",
    "pk": 5,
    "fields": {
        "name": "Can add permission",
        "content_type": 2,
        "codename": "add_permission"
    }
},
{
    "model": "auth.permission",
    "pk": 6,
    "fields": {
        "name": "Can change permission",
        "content_type": 2,
        "codename": "change_permission"
    }
},
{
    "model": "auth.permission",
    "pk": 7,
    "fields": {
        "name": "Can delete permission",
        "content_type": 2,
        "codename": "delete_permission"
    }
},
{
    "model": "auth.permission",
    "pk": 8,
    "fields": {
        "name": "Can view permission",
        "content_type": 2,
        "codename": "view_permission"
    }
},
{
    "model": "auth.permission",
    "pk": 9,
    "fields": {
        "name": "Can add group",
        "content_type": 3,
        "codename": "add_group"
    }
},
{
    "model": "auth.permission",
    "pk": 10,
    "fields": {
        "name": "Can change group",
        "content_type": 3,
        "codename": "change_group"
    }
},
{
    "model": "auth.permission",
    "pk": 11,
    "fields": {
        "name": "Can delete group",
        "content_type": 3,
        "codename": "delete_group"
    }
},
{
    "model": "auth.permission",
    "pk": 12,
    "fields": {
        "name": "Can view group",
        "content_type": 3,
        "codename": "view_group"
    }
},
{
    "model": "auth.permission",
    "pk": 13,
    "fields": {
        "name": "Can add user",
        "content_type": 4,
        "codename": "add_user"
    }
},
{
    "model": "auth.permission",
    "pk": 14,
    "fields": {
        "name": "Can change user",
        "content_type": 4,
        "codename": "change_user"
    }
},
{
    "model": "auth.permission",
    "pk": 15,
    "fields": {
        "name": "Can delete user",
        "content_type": 4,
        "codename": "delete_user"
    }
},
{
    "model": "auth.permission",
    "pk": 16,
    "fields": {
        "name": "Can view user",
        "content_type": 4,
        "codename": "view_user"
    }
},
{
    "model": "auth.permission",
    "pk": 17,
    "fields": {
        "name": "Can add content type",
        "content_type": 5,
        "codename": "add_contenttype"
    }
},
{
    "model": "auth.permission",
    "pk": 18,
    "fields": {
        "name": "Can change content type",
        "content_type": 5,
        "codename": "change_contenttype"
    }
},
{
    "model": "auth.permission",
    "pk": 19,
    "fields": {
        "name": "Can delete content type",
        "content_type": 5,
        "codename": "delete_contenttype"
    }
},
{
    "model": "auth.permission",
    "pk": 20,
    "fields": {
        "name": "Can view content type",
        "content_type": 5,
        "codename": "view_contenttype"
    }
},
{
    "model": "auth.permission",
    "pk": 21,
    "fields": {
        "name": "Can add session",
        "content_type": 6,
        "codename": "add_session"
    }
},
{
    "model": "auth.permission",
    "pk": 22,
    "fields": {
        "name": "Can change session",
        "content_type": 6,
        "codename": "change_session"
    }
},
{
    "model": "auth.permission",
    "pk": 23,
    "fields": {
        "name": "Can delete session",
        "content_type": 6,
        "codename": "delete_session"
    }
},
{
    "model": "auth.permission",
    "pk": 24,
    "fields": {
        "name": "Can view session",
        "content_type": 6,
        "codename": "view_session"
    }
},
{
    "model": "auth.permission",
    "pk": 25,
    "fields": {
        "name": "Can add job category",
        "content_type": 7,
        "codename": "add_jobcategory"
    }
},
{
    "model": "auth.permission",
    "pk": 26,
    "fields": {
        "name": "Can change job category",
        "content_type": 7,
        "codename": "change_jobcategory"
    }
},
{
    "model": "auth.permission",
    "pk": 27,
    "fields": {
        "name": "Can delete job category",
        "content_type": 7,
        "codename": "delete_jobcategory"
    }
},
{
    "model": "auth.permission",
    "pk": 28,
    "fields": {
        "name": "Can view job category",
        "content_type": 7,
        "codename": "view_jobcategory"
    }
},
{
    "model": "auth.permission",
    "pk": 29,
    "fields": {
        "name": "Can add job",
        "content_type": 8,
        "codename": "add_job"
    }
},
{
    "model": "auth.permission",
    "pk": 30,
    "fields": {
        "name": "Can change job",
        "content_type": 8,
        "codename": "change_job"
    }
},
{
    "model": "auth.permission",
    "pk": 31,
    "fields": {
        "name": "Can delete job",
        "content_type": 8,
        "codename": "delete_job"
    }
},
{
    "model": "auth.permission",
    "pk": 32,
    "fields": {
        "name": "Can view job",
        "content_type": 8,
        "codename": "view_job"
    }
},
{
    "model": "auth.permission",
    "pk": 33,
    "fields": {
        "name": "Can add site",
        "content_type": 9,
        "codename": "add_site"
    }
},
{
    "model": "auth.permission",
    "pk": 34,
    "fields": {
        "name": "Can change site",
        "content_type": 9,
        "codename": "change_site"
    }
},
{
    "model": "auth.permission",
    "pk": 35,
    "fields": {
        "name": "Can delete site",
        "content_type": 9,
        "codename": "delete_site"
    }
},
{
    "model": "auth.permission",
    "pk": 36,
    "fields": {
        "name": "Can view site",
        "content_type": 9,
        "codename": "view_site"
    }
},
{
    "model": "auth.permission",
    "pk": 37,
    "fields": {
        "name": "Can add email address",
        "content_type": 10,
        "codename": "add_emailaddress"
    }
},
{
    "model": "auth.permission",
    "pk": 38,
    "fields": {
        "name": "Can change email address",
        "content_type": 10,
        "codename": "change_emailaddress"
    }
},
{
    "model": "auth.permission",
    "pk": 39,
    "fields": {
        "name": "Can delete email address",
        "content_type": 10,
        "codename": "delete_emailaddress"
    }
},
{
    "model": "auth.permission",
    "pk": 40,
    "fields": {
        "name": "Can view email address",
        "content_type": 10,
        "codename": "view_emailaddress"
    }
},
{
    "model": "auth.permission",
    "pk": 41,
    "fields": {
        "name": "Can add email confirmation",
        "content_type": 11,
        "codename": "add_emailconfirmation"
    }
},
{
    "model": "auth.permission",
    "pk": 42,
    "fields": {
        "name": "Can change email confirmation",
        "content_type": 11,
        "codename": "change_emailconfirmation"
    }
},
{
    "model": "auth.permission",
    "pk": 43,
    "fields": {
        "name": "Can delete email confirmation",
        "content_type": 11,
        "codename": "delete_emailconfirmation"
    }
},
{
    "model": "auth.permission",
    "pk": 44,
    "fields": {
        "name": "Can view email confirmation",
        "content_type": 11,
        "codename": "view_emailconfirmation"
    }
},
{
    "model": "auth.permission",
    "pk": 45,
    "fields": {
        "name": "Can add social account",
        "content_type": 12,
        "codename": "add_socialaccount"
    }
},
{
    "model": "auth.permission",
    "pk": 46,
    "fields": {
        "name": "Can change social account",
        "content_type": 12,
        "codename": "change_socialaccount"
    }
},
{
    "model": "auth.permission",
    "pk": 47,
    "fields": {
        "name": "Can delete social account",
        "content_type": 12,
        "codename": "delete_socialaccount"
    }
},
{
    "model": "auth.permission",
    "pk": 48,
    "fields": {
        "name": "Can view social account",
        "content_type": 12,
        "codename": "view_socialaccount"
    }
},
{
    "model": "auth.permission",
    "pk": 49,
    "fields": {
        "name": "Can add social application",
        "content_type": 13,
        "codename": "add_socialapp"
    }
},
{
    "model": "auth.permission",
    "pk": 50,
    "fields": {
        "name": "Can change social application",
        "content_type": 13,
        "codename": "change_socialapp"
    }
},
{
    "model": "auth.permission",
    "pk": 51,
    "fields": {
        "name": "Can delete social application",
        "content_type": 13,
        "codename": "delete_socialapp"
    }
},
{
    "model": "auth.permission",
    "pk": 52,
    "fields": {
        "name": "Can view social application",
        "content_type": 13,
        "codename": "view_socialapp"
    }
},
{
    "model": "auth.permission",
    "pk": 53,
    "fields": {
        "name": "Can add social application token",
        "content_type": 14,
        "codename": "add_socialtoken"
    }
},
{
    "model": "auth.permission",
    "pk": 54,
    "fields": {
        "name": "Can change social application token",
        "content_type": 14,
        "codename": "change_socialtoken"
    }
},
{
    "model": "auth.permission",
    "pk": 55,
    "fields": {
        "name": "Can delete social application token",
        "content_type": 14,
        "codename": "delete_socialtoken"
    }
},
{
    "model": "auth.permission",
    "pk": 56,
    "fields": {
        "name": "Can view social application token",
        "content_type": 14,
        "codename": "view_socialtoken"
    }
},
{
    "model": "auth.permission",
    "pk": 57,
    "fields": {
        "name": "Can add applied job",
        "content_type": 15,
        "codename": "add_appliedjob"
    }
},
{
    "model": "auth.permission",
    "pk": 58,
    "fields": {
        "name": "Can change applied job",
        "content_type": 15,
        "codename": "change_appliedjob"
    }
},
{
    "model": "auth.permission",
    "pk": 59,
    "fields": {
        "name": "Can delete applied job",
        "content_type": 15,
        "codename": "delete_appliedjob"
    }
},
{
    "model": "auth.permission",
    "pk": 60,
    "fields": {
        "name": "Can view applied job",
        "content_type": 15,
        "codename": "view_appliedjob"
    }
},
{
    "model": "auth.permission",
    "pk": 61,
    "fields": {
        "name": "Can add user detail",
        "content_type": 16,
        "codename": "add_userdetail"
    }
},
{
    "model": "auth.permission",
    "pk": 62,
    "fields": {
        "name": "Can change user detail",
        "content_type": 16,
        "codename": "change_userdetail"
    }
},
{
    "model": "auth.permission",
    "pk": 63,
    "fields": {
        "name": "Can delete user detail",
        "content_type": 16,
        "codename": "delete_userdetail"
    }
},
{
    "model": "auth.permission",
    "pk": 64,
    "fields": {
        "name": "Can view user detail",
        "content_type": 16,
        "codename": "view_userdetail"
    }
},
{
    "model": "auth.user",
    "pk": 1,
    "fields": {
        "password": "pbkdf2_sha256$600000$uEin9SdltBf6elrXHqoU1J$CO011ix6OrWGHv233z3RYN02yvCMIL+cgmWt8hNQfDY=",
        "last_login": "2024-02-28T10:04:23.109Z",
        "is_superuser": true,
        "username": "admin",
        "first_name": "Admin",
        "last_name": "User",
        "email": "admin@gmail.com",
        "is_staff": true,
        "is_active": true,
        "date_joined": "2024-02-26T10:10:30Z",
        "groups": [],
        "user_permissions": []
    }
},
{
    "model": "auth.user",
    "pk": 2,
    "fields": {
        "password": "",
        "last_login": null,
        "is_superuser": false,
        "username": "anshul",
        "first_name": "Anshul",
        "last_name": "Thakur",
        "email": "anshulthakur19506@gmail.com",
        "is_staff": false,
        "is_active": true,
        "date_joined": "2024-02-26T14:52:01.665Z",
        "groups": [],
        "user_permissions": []
    }
},
{
    "model": "auth.user",
    "pk": 3,
    "fields": {
        "password": "pbkdf2_sha256$600000$kVFJIP8YHNBdjdmGgCLnKC$KXN4aY2QCXVXe6VKtp5GvLZ+F4lJeE+wkFjPajjLF0s=",
        "last_login": "2024-02-26T14:56:33.949Z",
        "is_superuser": false,
        "username": "admin111",
        "first_name": "user",
        "last_name": "1",
        "email": "anshulthakur19506@gmail.com",
        "is_staff": false,
        "is_active": true,
        "date_joined": "2024-02-26T14:56:18.241Z",
        "groups": [],
        "user_permissions": []
    }
},
{
    "model": "auth.user",
    "pk": 4,
    "fields": {
        "password": "pbkdf2_sha256$600000$Jp72XndwGWZsE4SQ0BY2Ov$vwqX1vjylN3Ae6TkpJcr7KZN0jzzUux8Xjfr6nlMBXU=",
        "last_login": null,
        "is_superuser": false,
        "username": "anshul0001",
        "first_name": "anshul",
        "last_name": "thakur",
        "email": "anshul@gmail.com",
        "is_staff": false,
        "is_active": true,
        "date_joined": "2024-02-28T10:03:32.922Z",
        "groups": [],
        "user_permissions": []
    }
},
{
    "model": "auth.user",
    "pk": 5,
    "fields": {
        "password": "pbkdf2_sha256$720000$fbnsfCoL6Cn9KGww6zehKy$uvI32C+j76zf6y+W51TocHBS2S0IkTy8ZdzAijVtgCs=",
        "last_login": "2024-07-13T16:26:46.853Z",
        "is_superuser": true,
        "username": "admin@123",
        "first_name": "",
        "last_name": "",
        "email": "",
        "is_staff": true,
        "is_active": true,
        "date_joined": "2024-07-13T15:28:26.929Z",
        "groups": [],
        "user_permissions": []
    }
},
{
    "model": "auth.user",
    "pk": 6,
    "fields": {
        "password": "pbkdf2_sha256$720000$kocucvmrVhlBR6ikUinxKn$T+Buo2P0dyhAkTB4RRLB5faUWoSGHbcvsMxSnRTiPao=",
        "last_login": "2024-07-15T16:34:34.922Z",
        "is_superuser": false,
        "username": "kunal",
        "first_name": "kunal",
        "last_name": "dogra",
        "email": "kumal@123",
        "is_staff": false,
        "is_active": true,
        "date_joined": "2024-07-15T16:34:22.852Z",
        "groups": [],
        "user_permissions": []
    }
},
{
    "model": "auth.user",
    "pk": 7,
    "fields": {
        "password": "pbkdf2_sha256$720000$cEZy4Mb1BUhFFmq2kZlm2d$pkr1WuYrKDFiUcFdKGNysb+HwB/+PrF15w4k+GsMOZc=",
        "last_login": "2024-08-10T17:02:57.358Z",
        "is_superuser": true,
        "username": "superuser",
        "first_name": "Super",
        "last_name": "User",
        "email": "superuser123@gmail.com",
        "is_staff": true,
        "is_active": true,
        "date_joined": "2024-07-22T16:18:27Z",
        "groups": [],
        "user_permissions": []
    }
},
{
    "model": "contenttypes.contenttype",
    "pk": 1,
    "fields": {
        "app_label": "admin",
        "model": "logentry"
    }
},
{
    "model": "contenttypes.contenttype",
    "pk": 2,
    "fields": {
        "app_label": "auth",
        "model": "permission"
    }
},
{
    "model": "contenttypes.contenttype",
    "pk": 3,
    "fields": {
        "app_label": "auth",
        "model": "group"
    }
},
{
    "model": "contenttypes.contenttype",
    "pk": 4,
    "fields": {
        "app_label": "auth",
        "model": "user"
    }
},
{
    "model": "contenttypes.contenttype",
    "pk": 5,
    "fields": {
        "app_label": "contenttypes",
        "model": "contenttype"
    }
},
{
    "model": "contenttypes.contenttype",
    "pk": 6,
    "fields": {
        "app_label": "sessions",
        "model": "session"
    }
},
{
    "model": "contenttypes.contenttype",
    "pk": 7,
    "fields": {
        "app_label": "mainapp",
        "model": "jobcategory"
    }
},
{
    "model": "contenttypes.contenttype",
    "pk": 8,
    "fields": {
        "app_label": "mainapp",
        "model": "job"
    }
},
{
    "model": "contenttypes.contenttype",
    "pk": 9,
    "fields": {
        "app_label": "sites",
        "model": "site"
    }
},
{
    "model": "contenttypes.contenttype",
    "pk": 10,
    "fields": {
        "app_label": "account",
        "model": "emailaddress"
    }
},
{
    "model": "contenttypes.contenttype",
    "pk": 11,
    "fields": {
        "app_label": "account",
        "model": "emailconfirmation"
    }
},
{
    "model": "contenttypes.contenttype",
    "pk": 12,
    "fields": {
        "app_label": "socialaccount",
        "model": "socialaccount"
    }
},
{
    "model": "contenttypes.contenttype",
    "pk": 13,
    "fields": {
        "app_label": "socialaccount",
        "model": "socialapp"
    }
},
{
    "model": "contenttypes.contenttype",
    "pk": 14,
    "fields": {
        "app_label": "socialaccount",
        "model": "socialtoken"
    }
},
{
    "model": "contenttypes.contenttype",
    "pk": 15,
    "fields": {
        "app_label": "mainapp",
        "model": "appliedjob"
    }
},
{
    "model": "contenttypes.contenttype",
    "pk": 16,
    "fields": {
        "app_label": "authentication",
        "model": "userdetail"
    }
},
{
    "model": "sessions.session",
    "pk": "18j6ctz129f85noa0vj5vt2nad7q6p19",
    "fields": {
        "session_data": ".eJxVjLsOAiEUBf-F2hAgew1Y2vsN5L6QVQPJPqqN_66bbKHtmZmzmYzrUvM665RHMRfjzel3I-Snth3IA9u9W-5tmUayu2IPOttbF31dD_fvoOJcv3WEIOihQEDm6EMpMXgXlcExIA-KBECiguhSGaKq88jOn5NEpUTm_QH_vDkN:1recS1:f4sDg6fbiFV5Vi1eBYEahB4xDBSC2XV0ZzRhciQ-eyU",
        "expire_date": "2024-03-11T14:59:29.263Z"
    }
},
{
    "model": "sessions.session",
    "pk": "3hs1jxxdbgmklvabivviyz5zks300bdd",
    "fields": {
        "session_data": ".eJxVjEsOwiAUAO_C2hCgPB64dN8zED6vUjWQlHZlvLsh6UK3M5N5Mx-Ovfij0-bXzK4M2eWXxZCeVIfIj1DvjadW922NfCT8tJ3PLdPrdrZ_gxJ6GVshnLRZIpFaBAAki9oJrTFaoAiLVSBQOkNWy8molCYMJjiZlMlSRfb5Aq9GNpE:1sVvkW:1lCYBP8_egQW8wu-YfNpilewaNvB_hSYEmTkb0ej9Dg",
        "expire_date": "2024-08-05T16:18:56.072Z"
    }
},
{
    "model": "sessions.session",
    "pk": "6ddwqxispuaf3bnxtcn67io1gkl0q3vk",
    "fields": {
        "session_data": ".eJxVjLsOAiEUBf-F2hAgew1Y2vsN5L6QVQPJPqqN_66bbKHtmZmzmYzrUvM665RHMRfjzel3I-Snth3IA9u9W-5tmUayu2IPOttbF31dD_fvoOJcv3WEIOihQEDm6EMpMXgXlcExIA-KBECiguhSGaKq88jOn5NEpUTm_QH_vDkN:1rf1FA:HYegh7t6pPv0zBt-ayHMnZ3wTXciihMdKCFPkKbQe24",
        "expire_date": "2024-03-12T17:27:52.294Z"
    }
},
{
    "model": "sessions.session",
    "pk": "ag943zitdiybccb83m4ekux1atrncx2z",
    "fields": {
        "session_data": ".eJxVjMsOwiAQRf-FtSEMjwFcuvcbCAxUqgaS0q6M_65NutDtPefcFwtxW2vYRlnCnNmZGXb63VKkR2k7yPfYbp1Tb-syJ74r_KCDX3suz8vh_h3UOOq3ppKNdwZBEFAWcgKbFEC2QhsZHdjorUAvHGJBNAacloo0Wj3J5KVi7w-7fTYp:1sSfaA:0B9rBdXE66PLsPyvD08w0I5eTKhcO2eXscMhd3JA7Jg",
        "expire_date": "2024-07-27T16:26:46.878Z"
    }
},
{
    "model": "sessions.session",
    "pk": "dbvbsg9adnwksnh19cepqgga5wjaxhib",
    "fields": {
        "session_data": "e30:1sTOeo:kFY4He2CRPsAtbZlSypGsoqZOQ6Oi1-3ZJDU-PYyHzU",
        "expire_date": "2024-07-29T16:34:34.913Z"
    }
},
{
    "model": "sessions.session",
    "pk": "kwpzao7vh1p8bxn56wtlr12ztvv0tfsb",
    "fields": {
        "session_data": "e30:1scpRi:ZR14F78cZXk-KVF07ww9nrVMCesoLz4snSYfBPaguZc",
        "expire_date": "2024-08-24T17:00:02.972Z"
    }
},
{
    "model": "sessions.session",
    "pk": "ldpbi6lk1eg2bjwirrxcj1elxb7cy819",
    "fields": {
        "session_data": "e30:1scpS2:uKL0-_dGtlipP7LO0d3Aj-e8Dc5w_7djllbItnPyGDc",
        "expire_date": "2024-08-24T17:00:22.537Z"
    }
},
{
    "model": "sessions.session",
    "pk": "mgtb3bot89x3y72umj2hvunsgrrbxawi",
    "fields": {
        "session_data": ".eJxVjDkOwjAUBe_iGlk2xhslfc4Q_Q0cQLYUJxXi7hApBbRvZt5LjbAuZVy7zOPE6qyiOvxuCPSQugG-Q701Ta0u84R6U_ROux4ay_Oyu38HBXr51t4SCjjIFrOF6MFlT4F8EmEvhlyWYB1AujqJNtKJI6MxGPDoCFJS7w8AODiO:1scpUX:xujVJMD2j5gxdZnj3nBFTdt0ZhuXXsJmVjOAbTywT40",
        "expire_date": "2024-08-24T17:02:57.370Z"
    }
},
{
    "model": "sessions.session",
    "pk": "o2wqcf91eijcmmdim14sndjq70w5t3b3",
    "fields": {
        "session_data": ".eJxVjLsOAiEUBf-F2hAgew1Y2vsN5L6QVQPJPqqN_66bbKHtmZmzmYzrUvM665RHMRfjzel3I-Snth3IA9u9W-5tmUayu2IPOttbF31dD_fvoOJcv3WEIOihQEDm6EMpMXgXlcExIA-KBECiguhSGaKq88jOn5NEpUTm_QH_vDkN:1rfGnb:tJvGl5bVBKbpHxzW9aUFQN2KPZnJr0TPhR5CsGszcts",
        "expire_date": "2024-03-13T10:04:27.772Z"
    }
},
{
    "model": "sessions.session",
    "pk": "sx2m3fcsiwwexe3b15jzbv3ms28jy7ej",
    "fields": {
        "session_data": ".eJxVjLsOAiEUBf-F2hAgew1Y2vsN5L6QVQPJPqqN_66bbKHtmZmzmYzrUvM665RHMRfjzel3I-Snth3IA9u9W-5tmUayu2IPOttbF31dD_fvoOJcv3WEIOihQEDm6EMpMXgXlcExIA-KBECiguhSGaKq88jOn5NEpUTm_QH_vDkN:1rfGnI:Bf5FOtImidlYPy42rLsl_VIgEV1fVwgtLNSJJ_ZxZmw",
        "expire_date": "2024-03-13T10:04:08.656Z"
    }
},
{
    "model": "sessions.session",
    "pk": "xeyptqcyi519tppvt7fp1iezbcmhdfmc",
    "fields": {
        "session_data": ".eJxVjLsOAiEUBf-F2hAgew1Y2vsN5L6QVQPJPqqN_66bbKHtmZmzmYzrUvM665RHMRfjzel3I-Snth3IA9u9W-5tmUayu2IPOttbF31dD_fvoOJcv3WEIOihQEDm6EMpMXgXlcExIA-KBECiguhSGaKq88jOn5NEpUTm_QH_vDkN:1rfGnI:Bf5FOtImidlYPy42rLsl_VIgEV1fVwgtLNSJJ_ZxZmw",
        "expire_date": "2024-03-13T10:04:08.843Z"
    }
},
{
    "model": "sessions.session",
    "pk": "xom69lgkc4icmof3yjdz82p1dxxjvbqz",
    "fields": {
        "session_data": ".eJxVjLsOAiEUBf-F2hAgew1Y2vsN5L6QVQPJPqqN_66bbKHtmZmzmYzrUvM665RHMRfjzel3I-Snth3IA9u9W-5tmUayu2IPOttbF31dD_fvoOJcv3WEIOihQEDm6EMpMXgXlcExIA-KBECiguhSGaKq88jOn5NEpUTm_QH_vDkN:1rfGmK:BisF0lUHnnhusQKnhmyMZdYK4ZybcsW2V1luXnLkM2I",
        "expire_date": "2024-03-13T10:03:08.925Z"
    }
},
{
    "model": "mainapp.jobcategory",
    "pk": 1,
    "fields": {
        "created_at": "2024-02-26T10:09:18.082Z",
        "updated_at": "2024-02-26T10:09:18.082Z",
        "title": "fronted development",
        "description": "this will be the description of fronted description"
    }
},
{
    "model": "mainapp.jobcategory",
    "pk": 2,
    "fields": {
        "created_at": "2024-02-26T10:09:18.090Z",
        "updated_at": "2024-02-26T10:09:18.090Z",
        "title": "backend development",
        "description": "this will be description of backend development"
    }
},
{
    "model": "mainapp.jobcategory",
    "pk": 3,
    "fields": {
        "created_at": "2024-02-26T10:09:18.090Z",
        "updated_at": "2024-02-26T10:09:18.090Z",
        "title": "customer support",
        "description": "this is the description of customer support"
    }
},
{
    "model": "mainapp.jobcategory",
    "pk": 4,
    "fields": {
        "created_at": "2024-02-26T10:09:18.090Z",
        "updated_at": "2024-02-26T10:09:18.090Z",
        "title": "video and animation",
        "description": "this is the description of video and animation"
    }
},
{
    "model": "mainapp.jobcategory",
    "pk": 5,
    "fields": {
        "created_at": "2024-02-26T10:09:18.098Z",
        "updated_at": "2024-02-26T10:09:18.098Z",
        "title": "writing and translation",
        "description": "this is the description"
    }
},
{
    "model": "mainapp.jobcategory",
    "pk": 6,
    "fields": {
        "created_at": "2024-02-26T10:09:18.098Z",
        "updated_at": "2024-02-26T10:09:18.098Z",
        "title": "ai services",
        "description": "this is the description of ai services"
    }
},
{
    "model": "mainapp.job",
    "pk": 1,
    "fields": {
        "created_at": "2024-02-26T10:09:18.098Z",
        "updated_at": "2024-02-26T10:20:19.229Z",
        "title": "web designing",
        "skills": "html, css, javascript",
        "description": "this is desc",
        "type": "full time",
        "shift": "day shift",
        "location": "noida",
        "job_category": 1
    }
},
{
    "model": "mainapp.job",
    "pk": 2,
    "fields": {
        "created_at": "2024-02-26T10:09:18.098Z",
        "updated_at": "2024-02-26T10:32:34.733Z",
        "title": "web developer",
        "skills": "html, css, js",
        "description": "this",
        "type": "full time",
        "shift": "night shift",
        "location": "gurugram",
        "job_category": 1
    }
},
{
    "model": "mainapp.job",
    "pk": 3,
    "fields": {
        "created_at": "2024-02-26T10:09:18.098Z",
        "updated_at": "2024-02-26T10:09:18.098Z",
        "title": "python developer",
        "skills": "python, oops",
        "description": "this is the description",
        "type": "full time",
        "shift": "day shift",
        "location": "mohali",
        "job_category": 2
    }
},
{
    "model": "mainapp.job",
    "pk": 4,
    "fields": {
        "created_at": "2024-02-26T10:09:18.098Z",
        "updated_at": "2024-02-26T10:32:08.414Z",
        "title": "node js developer",
        "skills": "html, css, js, node js",
        "description": "this is description",
        "type": "full time",
        "shift": "night shift",
        "location": "chandigarh",
        "job_category": 2
    }
},
{
    "model": "mainapp.job",
    "pk": 5,
    "fields": {
        "created_at": "2024-02-26T10:09:18.098Z",
        "updated_at": "2024-02-26T10:09:18.098Z",
        "title": "customer care executive",
        "skills": "communications, english, hindi",
        "description": "this is descriptions",
        "type": "full time",
        "shift": "day shift",
        "location": "mohali",
        "job_category": 3
    }
},
{
    "model": "mainapp.job",
    "pk": 6,
    "fields": {
        "created_at": "2024-02-26T10:09:18.106Z",
        "updated_at": "2024-02-26T10:32:02.253Z",
        "title": "video editer",
        "skills": "kinemaster, canva, adobe",
        "description": "this is description",
        "type": "full time",
        "shift": "night shift",
        "location": "delhi",
        "job_category": 4
    }
},
{
    "model": "mainapp.job",
    "pk": 7,
    "fields": {
        "created_at": "2024-02-26T10:09:18.106Z",
        "updated_at": "2024-02-26T10:19:41.290Z",
        "title": "content writer",
        "skills": "hindi, english, researcher",
        "description": "this is description",
        "type": "full time",
        "shift": "day shift",
        "location": "noida",
        "job_category": 5
    }
},
{
    "model": "mainapp.job",
    "pk": 8,
    "fields": {
        "created_at": "2024-02-26T10:09:18.106Z",
        "updated_at": "2024-02-26T10:09:18.106Z",
        "title": "ai / ml engineer",
        "skills": "not added yet",
        "description": "this is description",
        "type": "full time",
        "shift": "day shift",
        "location": "mohali",
        "job_category": 6
    }
},
{
    "model": "mainapp.job",
    "pk": 9,
    "fields": {
        "created_at": "2024-02-26T10:09:18.106Z",
        "updated_at": "2024-02-26T10:19:50.125Z",
        "title": "mern developer",
        "skills": "react, express js, react js, node js",
        "description": "this is mern developer job",
        "type": "full time",
        "shift": "day shift",
        "location": "panchkula",
        "job_category": 1
    }
},
{
    "model": "mainapp.job",
    "pk": 10,
    "fields": {
        "created_at": "2024-02-26T10:09:18.106Z",
        "updated_at": "2024-02-26T10:32:24.456Z",
        "title": "mean developer",
        "skills": "html, css, mongo db, express js, angular js, node",
        "description": "this is mean developer job",
        "type": "full time",
        "shift": "night shift",
        "location": "panchkula",
        "job_category": 1
    }
},
{
    "model": "mainapp.job",
    "pk": 11,
    "fields": {
        "created_at": "2024-02-26T10:09:18.106Z",
        "updated_at": "2024-02-26T10:12:29.329Z",
        "title": "fresher web designer",
        "skills": "html, css",
        "description": "this is fresher job",
        "type": "full time",
        "shift": "day shift",
        "location": "mohali",
        "job_category": 1
    }
},
{
    "model": "mainapp.job",
    "pk": 12,
    "fields": {
        "created_at": "2024-02-26T10:09:18.106Z",
        "updated_at": "2024-02-26T10:12:21.289Z",
        "title": "full stack developer",
        "skills": "html, css, javascript, php",
        "description": "this is full stack developer job",
        "type": "full time",
        "shift": "day shift",
        "location": "chandigarh",
        "job_category": 1
    }
},
{
    "model": "mainapp.job",
    "pk": 13,
    "fields": {
        "created_at": "2024-02-26T12:19:42.341Z",
        "updated_at": "2024-02-26T12:20:34.348Z",
        "title": "bakcend developer",
        "skills": "python, django, mysql",
        "description": "this is backend job",
        "type": "full time",
        "shift": "day shift",
        "location": "gurugram",
        "job_category": 2
    }
},
{
    "model": "mainapp.appliedjob",
    "pk": 5,
    "fields": {
        "created_at": "2024-07-24T15:32:15.316Z",
        "updated_at": "2024-07-24T15:32:15.316Z",
        "user": 7,
        "job": 12
    }
},
{
    "model": "mainapp.appliedjob",
    "pk": 8,
    "fields": {
        "created_at": "2024-07-28T16:36:44.575Z",
        "updated_at": "2024-07-28T16:36:44.575Z",
        "user": 7,
        "job": 7
    }
},
{
    "model": "mainapp.appliedjob",
    "pk": 10,
    "fields": {
        "created_at": "2024-08-05T16:20:55.061Z",
        "updated_at": "2024-08-05T16:20:55.061Z",
        "user": 7,
        "job": 11
    }
},
{
    "model": "mainapp.appliedjob",
    "pk": 12,
    "fields": {
        "created_at": "2024-08-06T17:47:12.009Z",
        "updated_at": "2024-08-06T17:47:12.009Z",
        "user": 7,
        "job": 8
    }
},
{
    "model": "mainapp.appliedjob",
    "pk": 13,
    "fields": {
        "created_at": "2024-08-06T17:47:22.854Z",
        "updated_at": "2024-08-06T17:47:22.854Z",
        "user": 7,
        "job": 1
    }
},
{
    "model": "mainapp.appliedjob",
    "pk": 14,
    "fields": {
        "created_at": "2024-08-10T16:35:22.122Z",
        "updated_at": "2024-08-10T16:35:22.122Z",
        "user": 7,
        "job": 5
    }
},
{
    "model": "authentication.userdetail",
    "pk": 1,
    "fields": {
        "created_at": "2024-08-10T16:34:14.018Z",
        "updated_at": "2024-08-10T16:42:15.889Z",
        "user": 7,
        "picture": "",
        "occupation": "Admin",
        "bio": "I am admin of this website, I can handle this website.",
        "skills": null,
        "phone_number": "+91134567890",
        "education": "Master's of computer Application",
        "experience": "Fresher",
        "date_of_birth": "2001-01-01",
        "gender": "male"
    }
}
]
