[
{
    "model": "mainapp.jobcategory",
    "pk": 1,
    "fields": {
        "title": "fronted development",
        "description": "this will be the description of fronted description"
    }
},
{
    "model": "mainapp.jobcategory",
    "pk": 2,
    "fields": {
        "title": "backend development",
        "description": "this will be description of backend development"
    }
},
{
    "model": "mainapp.jobcategory",
    "pk": 3,
    "fields": {
        "title": "customer support",
        "description": "this is the description of customer support"
    }
},
{
    "model": "mainapp.jobcategory",
    "pk": 4,
    "fields": {
        "title": "video and animation",
        "description": "this is the description of video and animation"
    }
},
{
    "model": "mainapp.jobcategory",
    "pk": 5,
    "fields": {
        "title": "writing and translation",
        "description": "this is the description"
    }
},
{
    "model": "mainapp.jobcategory",
    "pk": 6,
    "fields": {
        "title": "ai services",
        "description": "this is the description of ai services"
    }
},
{
    "model": "mainapp.job",
    "pk": 1,
    "fields": {
        "title": "web designing",
        "skills": "html, css, javascript",
        "description": "this is desc",
        "type": "full time",
        "shift": "day shift",
        "location": "chandigarh",
        "job_category": 1
    }
},
{
    "model": "mainapp.job",
    "pk": 2,
    "fields": {
        "title": "web developer",
        "skills": "html, css, js",
        "description": "this",
        "type": "full time",
        "shift": "day shift",
        "location": "chandigarh",
        "job_category": 1
    }
},
{
    "model": "mainapp.job",
    "pk": 3,
    "fields": {
        "title": "python developer",
        "skills": "python, oops",
        "description": "this is the description",
        "type": "full time",
        "shift": "day shift",
        "location": "mohali",
        "job_category": 2
    }
},
{
    "model": "mainapp.job",
    "pk": 4,
    "fields": {
        "title": "node js developer",
        "skills": "html, css, js, node js",
        "description": "this is description",
        "type": "full time",
        "shift": "day shift",
        "location": "mohali",
        "job_category": 2
    }
},
{
    "model": "mainapp.job",
    "pk": 5,
    "fields": {
        "title": "customer care executive",
        "skills": "communications, english, hindi",
        "description": "this is descriptions",
        "type": "full time",
        "shift": "day shift",
        "location": "mohali",
        "job_category": 3
    }
},
{
    "model": "mainapp.job",
    "pk": 6,
    "fields": {
        "title": "video editer",
        "skills": "kinemaster, canva, adobe",
        "description": "this is description",
        "type": "full time",
        "shift": "day shift",
        "location": "mohali",
        "job_category": 4
    }
},
{
    "model": "mainapp.job",
    "pk": 7,
    "fields": {
        "title": "content writer",
        "skills": "hindi, english, researcher",
        "description": "this is description",
        "type": "full time",
        "shift": "day shift",
        "location": "mohali",
        "job_category": 5
    }
},
{
    "model": "mainapp.job",
    "pk": 8,
    "fields": {
        "title": "ai / ml engineer",
        "skills": "not added yet",
        "description": "this is description",
        "type": "full time",
        "shift": "day shift",
        "location": "mohali",
        "job_category": 6
    }
},
{
    "model": "mainapp.job",
    "pk": 9,
    "fields": {
        "title": "mern developer",
        "skills": "react, express js, react js, node js",
        "description": "this is mern developer job",
        "type": "full time",
        "shift": "day shift",
        "location": "mohali",
        "job_category": 1
    }
},
{
    "model": "mainapp.job",
    "pk": 10,
    "fields": {
        "title": "mean developer",
        "skills": "html, css, mongo db, express js, angular js, node",
        "description": "this is mean developer job",
        "type": "full time",
        "shift": "day shift",
        "location": "mohali",
        "job_category": 1
    }
},
{
    "model": "mainapp.job",
    "pk": 11,
    "fields": {
        "title": "fresher web designer",
        "skills": "html, css",
        "description": "this is fresher job",
        "type": "full time",
        "shift": "day shift",
        "location": "mohali",
        "job_category": 1
    }
},
{
    "model": "mainapp.job",
    "pk": 12,
    "fields": {
        "title": "full stack developer",
        "skills": "html, css, javascript, php",
        "description": "this is full stack developer job",
        "type": "full time",
        "shift": "day shift",
        "location": "chandigarh",
        "job_category": 1
    }
}
]
