[
{
    "model": "auth.user",
    "pk": 1,
    "fields": {
        "password": "pbkdf2_sha256$720000$jyjzYQ7u0BnknNQhQgEaS9$OHbgFUKyrqBMTCc1yEqqT4QqT7y2FyvUkdusUpu8aQw=",
        "last_login": "2024-02-09T04:08:39.964Z",
        "is_superuser": true,
        "username": "admin",
        "first_name": "",
        "last_name": "",
        "email": "admin@gmail.com",
        "is_staff": true,
        "is_active": true,
        "date_joined": "2024-02-08T14:48:39.442Z",
        "groups": [],
        "user_permissions": []
    }
},
{
    "model": "auth.user",
    "pk": 2,
    "fields": {
        "password": "pbkdf2_sha256$600000$5GuImgChHbuw09rITg61bB$XekNduA0wM1sptcbLenyxhBDMEkV55+5c52rCqSpcwM=",
        "last_login": null,
        "is_superuser": true,
        "username": "adminuser",
        "first_name": "",
        "last_name": "",
        "email": "admin@gmail.com",
        "is_staff": true,
        "is_active": true,
        "date_joined": "2024-02-08T15:04:39.880Z",
        "groups": [],
        "user_permissions": []
    }
}
]
